cell_line,row,column,seeding_density,time_point,plate_barcode,plate_coating,pfa_fixation,well_position
CCD 841 CoN,I,3,12000,72,BR00150703,Synthemax,double,I03
CCD 841 CoN,J,3,12000,72,BR00150703,Synthemax,double,J03
CHLA10,K,3,4000,72,BR00150703,Synthemax,double,K03
CHLA10,L,3,4000,72,BR00150703,Synthemax,double,L03
CHLA113,M,3,1000,72,BR00150703,Synthemax,double,M03
CHLA113,N,3,1000,72,BR00150703,Synthemax,double,N03
CCD 841 CoN,I,4,12000,72,BR00150703,Synthemax,double,I04
CCD 841 CoN,J,4,12000,72,BR00150703,Synthemax,double,J04
CHLA10,K,4,4000,72,BR00150703,Synthemax,double,K04
CHLA10,L,4,4000,72,BR00150703,Synthemax,double,L04
CHLA113,M,4,1000,72,BR00150703,Synthemax,double,M04
CHLA113,N,4,1000,72,BR00150703,Synthemax,double,N04
CHLA186,C,5,4000,72,BR00150703,Synthemax,double,C05
CHLA186,D,5,4000,72,BR00150703,Synthemax,double,D05
CHLA194,E,5,2000,72,BR00150703,Synthemax,double,E05
CHLA194,F,5,2000,72,BR00150703,Synthemax,double,F05
CHLA196,G,5,1000,72,BR00150703,Synthemax,double,G05
CHLA196,H,5,1000,72,BR00150703,Synthemax,double,H05
CHLA203,I,5,4000,72,BR00150703,Synthemax,double,I05
CHLA203,J,5,4000,72,BR00150703,Synthemax,double,J05
CHLA210,K,5,4000,72,BR00150703,Synthemax,double,K05
CHLA210,L,5,4000,72,BR00150703,Synthemax,double,L05
CHLA218,M,5,12000,72,BR00150703,Synthemax,double,M05
CHLA218,N,5,12000,72,BR00150703,Synthemax,double,N05
CHLA186,C,6,4000,72,BR00150703,Synthemax,double,C06
CHLA186,D,6,4000,72,BR00150703,Synthemax,double,D06
CHLA194,E,6,2000,72,BR00150703,Synthemax,double,E06
CHLA194,F,6,2000,72,BR00150703,Synthemax,double,F06
CHLA196,G,6,1000,72,BR00150703,Synthemax,double,G06
CHLA196,H,6,1000,72,BR00150703,Synthemax,double,H06
CHLA203,I,6,4000,72,BR00150703,Synthemax,double,I06
CHLA203,J,6,4000,72,BR00150703,Synthemax,double,J06
CHLA210,K,6,4000,72,BR00150703,Synthemax,double,K06
CHLA210,L,6,4000,72,BR00150703,Synthemax,double,L06
CHLA218,M,6,12000,72,BR00150703,Synthemax,double,M06
CHLA218,N,6,12000,72,BR00150703,Synthemax,double,N06
CHLA25,C,7,8000,72,BR00150703,Synthemax,double,C07
CHLA25,D,7,8000,72,BR00150703,Synthemax,double,D07
CHLA258,E,7,4000,72,BR00150703,Synthemax,double,E07
CHLA258,F,7,4000,72,BR00150703,Synthemax,double,F07
CHLA262,G,7,12000,72,BR00150703,Synthemax,double,G07
CHLA262,H,7,12000,72,BR00150703,Synthemax,double,H07
CHP134,I,7,1000,72,BR00150703,Synthemax,double,I07
CHP134,J,7,1000,72,BR00150703,Synthemax,double,J07
COGAR397hnb,K,7,4000,72,BR00150703,Synthemax,double,K07
COGAR397hnb,L,7,4000,72,BR00150703,Synthemax,double,L07
COGE352,M,7,2000,72,BR00150703,Synthemax,double,M07
COGE352,N,7,2000,72,BR00150703,Synthemax,double,N07
CHLA25,C,8,8000,72,BR00150703,Synthemax,double,C08
CHLA25,D,8,8000,72,BR00150703,Synthemax,double,D08
CHLA258,E,8,4000,72,BR00150703,Synthemax,double,E08
CHLA258,F,8,4000,72,BR00150703,Synthemax,double,F08
CHLA262,G,8,12000,72,BR00150703,Synthemax,double,G08
CHLA262,H,8,12000,72,BR00150703,Synthemax,double,H08
CHP134,I,8,1000,72,BR00150703,Synthemax,double,I08
CHP134,J,8,1000,72,BR00150703,Synthemax,double,J08
COGAR397hnb,K,8,4000,72,BR00150703,Synthemax,double,K08
COGAR397hnb,L,8,4000,72,BR00150703,Synthemax,double,L08
COGE352,M,8,2000,72,BR00150703,Synthemax,double,M08
COGE352,N,8,2000,72,BR00150703,Synthemax,double,N08
COGEP280,C,9,4000,72,BR00150703,Synthemax,double,C09
COGEP280,D,9,4000,72,BR00150703,Synthemax,double,D09
COGR466h,E,9,2000,72,BR00150703,Synthemax,double,E09
COGR466h,F,9,2000,72,BR00150703,Synthemax,double,F09
D425,G,9,2000,72,BR00150703,Synthemax,double,G09
D425,H,9,2000,72,BR00150703,Synthemax,double,H09
HMC3,I,9,2000,72,BR00150703,Synthemax,double,I09
HMC3,J,9,2000,72,BR00150703,Synthemax,double,J09
SKNAS-1020,K,9,8000,72,BR00150703,Synthemax,double,K09
SKNAS-1020,L,9,8000,72,BR00150703,Synthemax,double,L09
SKNAS-EV,M,9,12000,72,BR00150703,Synthemax,double,M09
SKNAS-EV,N,9,12000,72,BR00150703,Synthemax,double,N09
COGEP280,C,10,4000,72,BR00150703,Synthemax,double,C10
COGEP280,D,10,4000,72,BR00150703,Synthemax,double,D10
COGR466h,E,10,2000,72,BR00150703,Synthemax,double,E10
COGR466h,F,10,2000,72,BR00150703,Synthemax,double,F10
D425,G,10,2000,72,BR00150703,Synthemax,double,G10
D425,H,10,2000,72,BR00150703,Synthemax,double,H10
HMC3,I,10,2000,72,BR00150703,Synthemax,double,I10
HMC3,J,10,2000,72,BR00150703,Synthemax,double,J10
SKNAS-1020,K,10,8000,72,BR00150703,Synthemax,double,K10
SKNAS-1020,L,10,8000,72,BR00150703,Synthemax,double,L10
SKNAS-EV,M,10,12000,72,BR00150703,Synthemax,double,M10
SKNAS-EV,N,10,12000,72,BR00150703,Synthemax,double,N10
TC71,C,11,12000,72,BR00150703,Synthemax,double,C11
TC71,D,11,12000,72,BR00150703,Synthemax,double,D11
WI38,E,11,4000,72,BR00150703,Synthemax,double,E11
WI38,F,11,4000,72,BR00150703,Synthemax,double,F11
WPMY1,G,11,2000,72,BR00150703,Synthemax,double,G11
WPMY1,H,11,2000,72,BR00150703,Synthemax,double,H11
U2-OS,I,11,1000,72,BR00150703,Synthemax,double,I11
U2-OS,J,11,1000,72,BR00150703,Synthemax,double,J11
U2-OS,K,11,1000,72,BR00150703,Laminin,double,K11
U2-OS,L,11,1000,72,BR00150703,Laminin,double,L11
U2-OS,M,11,1000,72,BR00150703,Standard,double,M11
U2-OS,N,11,1000,72,BR00150703,Standard,double,N11
TC71,C,12,12000,72,BR00150703,Synthemax,double,C12
TC71,D,12,12000,72,BR00150703,Synthemax,double,D12
WI38,E,12,4000,72,BR00150703,Synthemax,double,E12
WI38,F,12,4000,72,BR00150703,Synthemax,double,F12
WPMY1,G,12,2000,72,BR00150703,Synthemax,double,G12
WPMY1,H,12,2000,72,BR00150703,Synthemax,double,H12
U2-OS,I,12,1000,72,BR00150703,Synthemax,double,I12
U2-OS,J,12,1000,72,BR00150703,Synthemax,double,J12
U2-OS,K,12,1000,72,BR00150703,Laminin,double,K12
U2-OS,L,12,1000,72,BR00150703,Laminin,double,L12
U2-OS,M,12,1000,72,BR00150703,Standard,double,M12
U2-OS,N,12,1000,72,BR00150703,Standard,double,N12
